{
  "_ts": 1777297581.7172983,
  "teams": {
    "WSH": {
      "ppPct": 17.84,
      "pkPct": 80.08,
      "foPct": 49.32,
      "sfPG": 28.04878,
      "saPG": 28.13414,
      "satPct": 49.53,
      "giveaways": 1212,
      "takeaways": 373,
      "hits": 1615,
      "ppPerGP": 2.93902,
      "pkTOIPG": 303.365853
    },
    "NJD": {
      "ppPct": 21.95,
      "pkPct": 79.33,
      "foPct": 50.52,
      "sfPG": 29.58536,
      "saPG": 27.36585,
      "satPct": 51.38,
      "giveaways": 1318,
      "takeaways": 384,
      "hits": 1546,
      "ppPerGP": 2.5,
      "pkTOIPG": 254.792682
    },
    "VGK": {
      "ppPct": 24.58,
      "pkPct": 81.37,
      "foPct": 50.95,
      "sfPG": 28.9878,
      "saPG": 24.39024,
      "satPct": 52.31,
      "giveaways": 1292,
      "takeaways": 363,
      "hits": 1713,
      "ppPerGP": 2.87804,
      "pkTOIPG": 246.207317
    },
    "VAN": {
      "ppPct": 21.79,
      "pkPct": 71.49,
      "foPct": 49.31,
      "sfPG": 25.96341,
      "saPG": 29.81707,
      "satPct": 46.9,
      "giveaways": 1249,
      "takeaways": 364,
      "hits": 1739,
      "ppPerGP": 2.85365,
      "pkTOIPG": 262.012195
    },
    "ANA": {
      "ppPct": 18.56,
      "pkPct": 76.36,
      "foPct": 48.0,
      "sfPG": 30.80487,
      "saPG": 28.36585,
      "satPct": 52.17,
      "giveaways": 1240,
      "takeaways": 416,
      "hits": 1718,
      "ppPerGP": 3.21951,
      "pkTOIPG": 309.414634
    },
    "STL": {
      "ppPct": 17.59,
      "pkPct": 76.68,
      "foPct": 49.37,
      "sfPG": 25.32926,
      "saPG": 27.70731,
      "satPct": 48.34,
      "giveaways": 1138,
      "takeaways": 358,
      "hits": 1796,
      "ppPerGP": 2.63414,
      "pkTOIPG": 267.52439
    },
    "DAL": {
      "ppPct": 28.63,
      "pkPct": 80.32,
      "foPct": 51.59,
      "sfPG": 25.29268,
      "saPG": 26.15853,
      "satPct": 47.14,
      "giveaways": 1171,
      "takeaways": 382,
      "hits": 1553,
      "ppPerGP": 3.02439,
      "pkTOIPG": 308.134146
    },
    "DET": {
      "ppPct": 22.58,
      "pkPct": 77.14,
      "foPct": 51.0,
      "sfPG": 28.2439,
      "saPG": 27.7439,
      "satPct": 49.19,
      "giveaways": 1189,
      "takeaways": 364,
      "hits": 1480,
      "ppPerGP": 3.02439,
      "pkTOIPG": 246.012195
    },
    "OTT": {
      "ppPct": 23.95,
      "pkPct": 75.74,
      "foPct": 54.51,
      "sfPG": 28.91463,
      "saPG": 24.40243,
      "satPct": 52.56,
      "giveaways": 1130,
      "takeaways": 413,
      "hits": 1953,
      "ppPerGP": 3.20731,
      "pkTOIPG": 284.695121
    },
    "WPG": {
      "ppPct": 18.5,
      "pkPct": 77.63,
      "foPct": 51.11,
      "sfPG": 26.36585,
      "saPG": 27.76829,
      "satPct": 48.96,
      "giveaways": 1161,
      "takeaways": 330,
      "hits": 1776,
      "ppPerGP": 2.76829,
      "pkTOIPG": 269.560975
    },
    "COL": {
      "ppPct": 17.11,
      "pkPct": 84.61,
      "foPct": 51.22,
      "sfPG": 33.7317,
      "saPG": 26.13414,
      "satPct": 56.41,
      "giveaways": 1273,
      "takeaways": 369,
      "hits": 1360,
      "ppPerGP": 3.20731,
      "pkTOIPG": 291.280487
    },
    "NSH": {
      "ppPct": 23.11,
      "pkPct": 81.71,
      "foPct": 50.47,
      "sfPG": 27.86585,
      "saPG": 29.62195,
      "satPct": 49.45,
      "giveaways": 1201,
      "takeaways": 425,
      "hits": 1576,
      "ppPerGP": 2.90243,
      "pkTOIPG": 303.512195
    },
    "BOS": {
      "ppPct": 23.4,
      "pkPct": 76.98,
      "foPct": 53.06,
      "sfPG": 27.02439,
      "saPG": 29.69512,
      "satPct": 49.03,
      "giveaways": 1306,
      "takeaways": 376,
      "hits": 1861,
      "ppPerGP": 2.86585,
      "pkTOIPG": 330.768292
    },
    "CBJ": {
      "ppPct": 18.91,
      "pkPct": 76.02,
      "foPct": 50.57,
      "sfPG": 29.39024,
      "saPG": 28.84146,
      "satPct": 51.06,
      "giveaways": 1244,
      "takeaways": 413,
      "hits": 1577,
      "ppPerGP": 2.45121,
      "pkTOIPG": 269.890243
    },
    "CHI": {
      "ppPct": 16.95,
      "pkPct": 83.61,
      "foPct": 46.01,
      "sfPG": 24.58536,
      "saPG": 29.96341,
      "satPct": 45.97,
      "giveaways": 1257,
      "takeaways": 403,
      "hits": 1346,
      "ppPerGP": 2.87804,
      "pkTOIPG": 289.121951
    },
    "CGY": {
      "ppPct": 16.16,
      "pkPct": 80.41,
      "foPct": 49.32,
      "sfPG": 28.10975,
      "saPG": 29.91463,
      "satPct": 49.19,
      "giveaways": 1310,
      "takeaways": 371,
      "hits": 1660,
      "ppPerGP": 2.79268,
      "pkTOIPG": 287.536585
    },
    "TBL": {
      "ppPct": 20.73,
      "pkPct": 82.56,
      "foPct": 47.39,
      "sfPG": 28.10975,
      "saPG": 26.69512,
      "satPct": 53.02,
      "giveaways": 1203,
      "takeaways": 336,
      "hits": 1642,
      "ppPerGP": 3.0,
      "pkTOIPG": 308.329268
    },
    "PIT": {
      "ppPct": 24.14,
      "pkPct": 81.43,
      "foPct": 48.21,
      "sfPG": 28.57317,
      "saPG": 27.36585,
      "satPct": 50.19,
      "giveaways": 1306,
      "takeaways": 406,
      "hits": 1444,
      "ppPerGP": 2.82926,
      "pkTOIPG": 289.060975
    },
    "SJS": {
      "ppPct": 21.18,
      "pkPct": 76.42,
      "foPct": 47.81,
      "sfPG": 25.75609,
      "saPG": 29.64634,
      "satPct": 46.97,
      "giveaways": 1298,
      "takeaways": 375,
      "hits": 1794,
      "ppPerGP": 3.10975,
      "pkTOIPG": 301.829268
    },
    "MTL": {
      "ppPct": 23.14,
      "pkPct": 78.22,
      "foPct": 50.98,
      "sfPG": 26.29268,
      "saPG": 27.82926,
      "satPct": 48.24,
      "giveaways": 1094,
      "takeaways": 364,
      "hits": 1810,
      "ppPerGP": 2.95121,
      "pkTOIPG": 300.975609
    },
    "NYR": {
      "ppPct": 24.65,
      "pkPct": 79.92,
      "foPct": 54.52,
      "sfPG": 25.19512,
      "saPG": 28.82926,
      "satPct": 48.65,
      "giveaways": 1190,
      "takeaways": 366,
      "hits": 2112,
      "ppPerGP": 2.62195,
      "pkTOIPG": 305.743902
    },
    "NYI": {
      "ppPct": 16.53,
      "pkPct": 80.84,
      "foPct": 52.65,
      "sfPG": 28.17073,
      "saPG": 27.69512,
      "satPct": 49.01,
      "giveaways": 1156,
      "takeaways": 368,
      "hits": 1599,
      "ppPerGP": 2.95121,
      "pkTOIPG": 257.792682
    },
    "LAK": {
      "ppPct": 16.96,
      "pkPct": 74.58,
      "foPct": 49.75,
      "sfPG": 28.01219,
      "saPG": 27.17073,
      "satPct": 52.08,
      "giveaways": 1255,
      "takeaways": 367,
      "hits": 1650,
      "ppPerGP": 2.7317,
      "pkTOIPG": 273.329268
    },
    "SEA": {
      "ppPct": 19.55,
      "pkPct": 72.22,
      "foPct": 47.72,
      "sfPG": 25.58536,
      "saPG": 29.45121,
      "satPct": 45.97,
      "giveaways": 1188,
      "takeaways": 392,
      "hits": 1517,
      "ppPerGP": 2.68292,
      "pkTOIPG": 244.182926
    },
    "UTA": {
      "ppPct": 20.0,
      "pkPct": 78.14,
      "foPct": 49.25,
      "sfPG": 27.70731,
      "saPG": 26.14634,
      "satPct": 52.87,
      "giveaways": 1313,
      "takeaways": 353,
      "hits": 1580,
      "ppPerGP": 2.80487,
      "pkTOIPG": 303.365853
    },
    "MIN": {
      "ppPct": 25.19,
      "pkPct": 79.81,
      "foPct": 46.64,
      "sfPG": 29.18292,
      "saPG": 29.40243,
      "satPct": 48.47,
      "giveaways": 1181,
      "takeaways": 374,
      "hits": 1742,
      "ppPerGP": 3.14634,
      "pkTOIPG": 257.402439
    },
    "BUF": {
      "ppPct": 19.51,
      "pkPct": 81.9,
      "foPct": 45.9,
      "sfPG": 28.12195,
      "saPG": 29.06097,
      "satPct": 49.44,
      "giveaways": 1254,
      "takeaways": 427,
      "hits": 1615,
      "ppPerGP": 3.0,
      "pkTOIPG": 285.170731
    },
    "CAR": {
      "ppPct": 24.9,
      "pkPct": 80.52,
      "foPct": 50.12,
      "sfPG": 32.15853,
      "saPG": 23.92682,
      "satPct": 59.13,
      "giveaways": 1260,
      "takeaways": 470,
      "hits": 1635,
      "ppPerGP": 2.93902,
      "pkTOIPG": 277.54878
    },
    "PHI": {
      "ppPct": 15.74,
      "pkPct": 77.55,
      "foPct": 49.49,
      "sfPG": 25.46341,
      "saPG": 25.45121,